<?xml version='1.0' encoding='UTF-8'?>
<DEFECTS><DEFECT><SFA><FILEPATH>c:\users\b00266594\desktop\gtgp v14 - complete body rotation wip\</FILEPATH><FILENAME>main.cpp</FILENAME><LINE>111</LINE><COLUMN>17</COLUMN></SFA><DEFECTCODE>6011</DEFECTCODE><DESCRIPTION>Dereferencing NULL pointer 'tmpSurface'. </DESCRIPTION><FUNCTION>loadBitmap</FUNCTION><DECORATED>?loadBitmap@@YAIPAD@Z</DECORATED><FUNCLINE>93</FUNCLINE><PROBABILITY>1</PROBABILITY><RANK>4</RANK><CATEGORY><RULECATEGORY>mspft</RULECATEGORY></CATEGORY><PATH><SFA><FILEPATH>c:\users\b00266594\desktop\gtgp v14 - complete body rotation wip\</FILEPATH><FILENAME>main.cpp</FILENAME><LINE>94</LINE><COLUMN>8</COLUMN></SFA><SFA><FILEPATH>c:\users\b00266594\desktop\gtgp v14 - complete body rotation wip\</FILEPATH><FILENAME>main.cpp</FILENAME><LINE>95</LINE><COLUMN>14</COLUMN></SFA><SFA><FILEPATH>c:\users\b00266594\desktop\gtgp v14 - complete body rotation wip\</FILEPATH><FILENAME>main.cpp</FILENAME><LINE>98</LINE><COLUMN>14</COLUMN></SFA><SFA><FILEPATH>c:\users\b00266594\desktop\gtgp v14 - complete body rotation wip\</FILEPATH><FILENAME>main.cpp</FILENAME><LINE>99</LINE><COLUMN>12</COLUMN></SFA><SFA><FILEPATH>c:\users\b00266594\desktop\gtgp v14 - complete body rotation wip\</FILEPATH><FILENAME>main.cpp</FILENAME><LINE>100</LINE><COLUMN>5</COLUMN><KEYEVENT><ID>1</ID><KIND>branch</KIND><IMPORTANCE>Full</IMPORTANCE><MESSAGE>'tmpSurface' may be NULL (Enter this branch)</MESSAGE></KEYEVENT></SFA><SFA><FILEPATH>c:\users\b00266594\desktop\gtgp v14 - complete body rotation wip\</FILEPATH><FILENAME>main.cpp</FILENAME><LINE>101</LINE><COLUMN>38</COLUMN></SFA><SFA><FILEPATH>c:\users\b00266594\desktop\gtgp v14 - complete body rotation wip\</FILEPATH><FILENAME>main.cpp</FILENAME><LINE>105</LINE><COLUMN>14</COLUMN></SFA><SFA><FILEPATH>c:\users\b00266594\desktop\gtgp v14 - complete body rotation wip\</FILEPATH><FILENAME>main.cpp</FILENAME><LINE>106</LINE><COLUMN>16</COLUMN></SFA><SFA><FILEPATH>c:\users\b00266594\desktop\gtgp v14 - complete body rotation wip\</FILEPATH><FILENAME>main.cpp</FILENAME><LINE>107</LINE><COLUMN>16</COLUMN></SFA><SFA><FILEPATH>c:\users\b00266594\desktop\gtgp v14 - complete body rotation wip\</FILEPATH><FILENAME>main.cpp</FILENAME><LINE>108</LINE><COLUMN>16</COLUMN></SFA><SFA><FILEPATH>c:\users\b00266594\desktop\gtgp v14 - complete body rotation wip\</FILEPATH><FILENAME>main.cpp</FILENAME><LINE>109</LINE><COLUMN>16</COLUMN></SFA><SFA><FILEPATH>c:\users\b00266594\desktop\gtgp v14 - complete body rotation wip\</FILEPATH><FILENAME>main.cpp</FILENAME><LINE>111</LINE><COLUMN>17</COLUMN><KEYEVENT><ID>2</ID><KIND>usage</KIND><IMPORTANCE>Essential</IMPORTANCE><MESSAGE>'tmpSurface' is dereferenced, but may still be NULL</MESSAGE></KEYEVENT></SFA></PATH></DEFECT><DEFECT><SFA><FILEPATH>c:\dev\glm-0.9.8.0\glm\glm\gtc\</FILEPATH><FILENAME>matrix_transform.inl</FILENAME><LINE>511</LINE><COLUMN>40</COLUMN></SFA><DEFECTCODE>6244</DEFECTCODE><DESCRIPTION>Local declaration of 'eye' hides previous declaration at line '23' of 'c:\users\b00266594\desktop\gtgp v14 - complete body rotation wip\main.cpp'.</DESCRIPTION><FUNCTION>glm::lookAt</FUNCTION><DECORATED>??$lookAt@M$0A@@glm@@YA?AU?$tmat4x4@M$0A@@0@ABU?$tvec3@M$0A@@0@00@Z</DECORATED><FUNCLINE>511</FUNCLINE><PATH><SFA><FILEPATH>c:\users\b00266594\desktop\gtgp v14 - complete body rotation wip\</FILEPATH><FILENAME>main.cpp</FILENAME><LINE>23</LINE><COLUMN>13</COLUMN></SFA></PATH></DEFECT><DEFECT><SFA><FILEPATH>c:\dev\glm-0.9.8.0\glm\glm\gtc\</FILEPATH><FILENAME>matrix_transform.inl</FILENAME><LINE>511</LINE><COLUMN>40</COLUMN></SFA><DEFECTCODE>6244</DEFECTCODE><DESCRIPTION>Local declaration of 'up' hides previous declaration at line '25' of 'c:\users\b00266594\desktop\gtgp v14 - complete body rotation wip\main.cpp'.</DESCRIPTION><FUNCTION>glm::lookAt</FUNCTION><DECORATED>??$lookAt@M$0A@@glm@@YA?AU?$tmat4x4@M$0A@@0@ABU?$tvec3@M$0A@@0@00@Z</DECORATED><FUNCLINE>511</FUNCLINE><PATH><SFA><FILEPATH>c:\users\b00266594\desktop\gtgp v14 - complete body rotation wip\</FILEPATH><FILENAME>main.cpp</FILENAME><LINE>25</LINE><COLUMN>12</COLUMN></SFA></PATH></DEFECT><DEFECT><SFA><FILEPATH>c:\dev\glm-0.9.8.0\glm\glm\gtc\</FILEPATH><FILENAME>matrix_transform.inl</FILENAME><LINE>521</LINE><COLUMN>1</COLUMN></SFA><DEFECTCODE>6244</DEFECTCODE><DESCRIPTION>Local declaration of 'eye' hides previous declaration at line '23' of 'c:\users\b00266594\desktop\gtgp v14 - complete body rotation wip\main.cpp'.</DESCRIPTION><FUNCTION>glm::lookAtRH</FUNCTION><DECORATED>??$lookAtRH@M$0A@@glm@@YA?AU?$tmat4x4@M$0A@@0@ABU?$tvec3@M$0A@@0@00@Z</DECORATED><FUNCLINE>521</FUNCLINE><PATH><SFA><FILEPATH>c:\users\b00266594\desktop\gtgp v14 - complete body rotation wip\</FILEPATH><FILENAME>main.cpp</FILENAME><LINE>23</LINE><COLUMN>13</COLUMN></SFA></PATH></DEFECT><DEFECT><SFA><FILEPATH>c:\dev\glm-0.9.8.0\glm\glm\gtc\</FILEPATH><FILENAME>matrix_transform.inl</FILENAME><LINE>521</LINE><COLUMN>1</COLUMN></SFA><DEFECTCODE>6244</DEFECTCODE><DESCRIPTION>Local declaration of 'up' hides previous declaration at line '25' of 'c:\users\b00266594\desktop\gtgp v14 - complete body rotation wip\main.cpp'.</DESCRIPTION><FUNCTION>glm::lookAtRH</FUNCTION><DECORATED>??$lookAtRH@M$0A@@glm@@YA?AU?$tmat4x4@M$0A@@0@ABU?$tvec3@M$0A@@0@00@Z</DECORATED><FUNCLINE>521</FUNCLINE><PATH><SFA><FILEPATH>c:\users\b00266594\desktop\gtgp v14 - complete body rotation wip\</FILEPATH><FILENAME>main.cpp</FILENAME><LINE>25</LINE><COLUMN>12</COLUMN></SFA></PATH></DEFECT></DEFECTS>