<?xml version='1.0' encoding='UTF-8'?>
<DEFECTS><DEFECT><SFA><FILEPATH>c:\users\b00266594\desktop\gtgp v14 - complete body rotation wip\</FILEPATH><FILENAME>md2model.cpp</FILENAME><LINE>157</LINE><COLUMN>22</COLUMN></SFA><DEFECTCODE>6386</DEFECTCODE><DESCRIPTION>Buffer overrun while writing to 'mdl.frames':  the writable size is 'sizeof(md2_frame_t)*mdl.header.num_frames' bytes, but '88' bytes might be written.</DESCRIPTION><FUNCTION>md2model::ReadMD2Model</FUNCTION><DECORATED>?ReadMD2Model@md2model@@QAEIPBD@Z</DECORATED><FUNCLINE>101</FUNCLINE><PROBABILITY>1</PROBABILITY><RANK>4</RANK><CATEGORY><RULECATEGORY>mspft</RULECATEGORY></CATEGORY><PATH><SFA><FILEPATH>c:\users\b00266594\desktop\gtgp v14 - complete body rotation wip\</FILEPATH><FILENAME>md2model.cpp</FILENAME><LINE>103</LINE><COLUMN>7</COLUMN></SFA><SFA><FILEPATH>c:\users\b00266594\desktop\gtgp v14 - complete body rotation wip\</FILEPATH><FILENAME>md2model.cpp</FILENAME><LINE>104</LINE><COLUMN>5</COLUMN></SFA><SFA><FILEPATH>c:\users\b00266594\desktop\gtgp v14 - complete body rotation wip\</FILEPATH><FILENAME>md2model.cpp</FILENAME><LINE>106</LINE><COLUMN>4</COLUMN></SFA><SFA><FILEPATH>c:\users\b00266594\desktop\gtgp v14 - complete body rotation wip\</FILEPATH><FILENAME>md2model.cpp</FILENAME><LINE>107</LINE><COLUMN>5</COLUMN><KEYEVENT><ID>1</ID><KIND>branch</KIND><IMPORTANCE>Full</IMPORTANCE><MESSAGE>Skip this branch, (assume '!fp' is false)</MESSAGE></KEYEVENT></SFA><SFA><FILEPATH>c:\users\b00266594\desktop\gtgp v14 - complete body rotation wip\</FILEPATH><FILENAME>md2model.cpp</FILENAME><LINE>114</LINE><COLUMN>7</COLUMN><KEYEVENT><ID>2</ID><KIND>declaration</KIND><IMPORTANCE>Full</IMPORTANCE><MESSAGE>'mdl' is an Output from 'fread' (declared at c:\program files (x86)\windows kits\10\include\10.0.10150.0\ucrt\stdio.h:231)</MESSAGE></KEYEVENT></SFA><SFA><FILEPATH>c:\users\b00266594\desktop\gtgp v14 - complete body rotation wip\</FILEPATH><FILENAME>md2model.cpp</FILENAME><LINE>116</LINE><COLUMN>37</COLUMN><KEYEVENT><ID>3</ID><KIND>branch</KIND><IMPORTANCE>Full</IMPORTANCE><MESSAGE>Skip this branch, (assume '&lt;branch condition&gt;' is false)</MESSAGE></KEYEVENT></SFA><SFA><FILEPATH>c:\users\b00266594\desktop\gtgp v14 - complete body rotation wip\</FILEPATH><FILENAME>md2model.cpp</FILENAME><LINE>126</LINE><COLUMN>11</COLUMN></SFA><SFA><FILEPATH>c:\users\b00266594\desktop\gtgp v14 - complete body rotation wip\</FILEPATH><FILENAME>md2model.cpp</FILENAME><LINE>128</LINE><COLUMN>15</COLUMN></SFA><SFA><FILEPATH>c:\users\b00266594\desktop\gtgp v14 - complete body rotation wip\</FILEPATH><FILENAME>md2model.cpp</FILENAME><LINE>130</LINE><COLUMN>15</COLUMN></SFA><SFA><FILEPATH>c:\users\b00266594\desktop\gtgp v14 - complete body rotation wip\</FILEPATH><FILENAME>md2model.cpp</FILENAME><LINE>132</LINE><COLUMN>12</COLUMN></SFA><SFA><FILEPATH>c:\users\b00266594\desktop\gtgp v14 - complete body rotation wip\</FILEPATH><FILENAME>md2model.cpp</FILENAME><LINE>134</LINE><COLUMN>12</COLUMN></SFA><SFA><FILEPATH>c:\users\b00266594\desktop\gtgp v14 - complete body rotation wip\</FILEPATH><FILENAME>md2model.cpp</FILENAME><LINE>137</LINE><COLUMN>7</COLUMN></SFA><SFA><FILEPATH>c:\users\b00266594\desktop\gtgp v14 - complete body rotation wip\</FILEPATH><FILENAME>md2model.cpp</FILENAME><LINE>138</LINE><COLUMN>7</COLUMN><KEYEVENT><ID>4</ID><KIND>declaration</KIND><IMPORTANCE>Full</IMPORTANCE><MESSAGE>'mdl' is an Output from 'fread' (declared at c:\program files (x86)\windows kits\10\include\10.0.10150.0\ucrt\stdio.h:231)</MESSAGE></KEYEVENT></SFA><SFA><FILEPATH>c:\users\b00266594\desktop\gtgp v14 - complete body rotation wip\</FILEPATH><FILENAME>md2model.cpp</FILENAME><LINE>141</LINE><COLUMN>7</COLUMN></SFA><SFA><FILEPATH>c:\users\b00266594\desktop\gtgp v14 - complete body rotation wip\</FILEPATH><FILENAME>md2model.cpp</FILENAME><LINE>142</LINE><COLUMN>7</COLUMN><KEYEVENT><ID>5</ID><KIND>declaration</KIND><IMPORTANCE>Full</IMPORTANCE><MESSAGE>'mdl' is an Output from 'fread' (declared at c:\program files (x86)\windows kits\10\include\10.0.10150.0\ucrt\stdio.h:231)</MESSAGE></KEYEVENT></SFA><SFA><FILEPATH>c:\users\b00266594\desktop\gtgp v14 - complete body rotation wip\</FILEPATH><FILENAME>md2model.cpp</FILENAME><LINE>145</LINE><COLUMN>7</COLUMN></SFA><SFA><FILEPATH>c:\users\b00266594\desktop\gtgp v14 - complete body rotation wip\</FILEPATH><FILENAME>md2model.cpp</FILENAME><LINE>146</LINE><COLUMN>7</COLUMN><KEYEVENT><ID>6</ID><KIND>declaration</KIND><IMPORTANCE>Full</IMPORTANCE><MESSAGE>'mdl' is an Output from 'fread' (declared at c:\program files (x86)\windows kits\10\include\10.0.10150.0\ucrt\stdio.h:231)</MESSAGE></KEYEVENT></SFA><SFA><FILEPATH>c:\users\b00266594\desktop\gtgp v14 - complete body rotation wip\</FILEPATH><FILENAME>md2model.cpp</FILENAME><LINE>149</LINE><COLUMN>7</COLUMN></SFA><SFA><FILEPATH>c:\users\b00266594\desktop\gtgp v14 - complete body rotation wip\</FILEPATH><FILENAME>md2model.cpp</FILENAME><LINE>150</LINE><COLUMN>7</COLUMN><KEYEVENT><ID>7</ID><KIND>declaration</KIND><IMPORTANCE>Full</IMPORTANCE><MESSAGE>'mdl' is an Output from 'fread' (declared at c:\program files (x86)\windows kits\10\include\10.0.10150.0\ucrt\stdio.h:231)</MESSAGE></KEYEVENT></SFA><SFA><FILEPATH>c:\users\b00266594\desktop\gtgp v14 - complete body rotation wip\</FILEPATH><FILENAME>md2model.cpp</FILENAME><LINE>153</LINE><COLUMN>7</COLUMN></SFA><SFA><FILEPATH>c:\users\b00266594\desktop\gtgp v14 - complete body rotation wip\</FILEPATH><FILENAME>md2model.cpp</FILENAME><LINE>154</LINE><COLUMN>8</COLUMN></SFA><SFA><FILEPATH>c:\users\b00266594\desktop\gtgp v14 - complete body rotation wip\</FILEPATH><FILENAME>md2model.cpp</FILENAME><LINE>154</LINE><COLUMN>15</COLUMN><KEYEVENT><ID>8</ID><KIND>branch</KIND><IMPORTANCE>Full</IMPORTANCE><MESSAGE>Enter this loop, (assume 'i&lt;mdl.header.num_frames')</MESSAGE></KEYEVENT></SFA><SFA><FILEPATH>c:\users\b00266594\desktop\gtgp v14 - complete body rotation wip\</FILEPATH><FILENAME>md2model.cpp</FILENAME><LINE>157</LINE><COLUMN>22</COLUMN></SFA><SFA><FILEPATH>c:\users\b00266594\desktop\gtgp v14 - complete body rotation wip\</FILEPATH><FILENAME>md2model.cpp</FILENAME><LINE>161</LINE><COLUMN>8</COLUMN></SFA><SFA><FILEPATH>c:\users\b00266594\desktop\gtgp v14 - complete body rotation wip\</FILEPATH><FILENAME>md2model.cpp</FILENAME><LINE>162</LINE><COLUMN>8</COLUMN></SFA><SFA><FILEPATH>c:\users\b00266594\desktop\gtgp v14 - complete body rotation wip\</FILEPATH><FILENAME>md2model.cpp</FILENAME><LINE>163</LINE><COLUMN>8</COLUMN></SFA><SFA><FILEPATH>c:\users\b00266594\desktop\gtgp v14 - complete body rotation wip\</FILEPATH><FILENAME>md2model.cpp</FILENAME><LINE>164</LINE><COLUMN>8</COLUMN></SFA><SFA><FILEPATH>c:\users\b00266594\desktop\gtgp v14 - complete body rotation wip\</FILEPATH><FILENAME>md2model.cpp</FILENAME><LINE>154</LINE><COLUMN>40</COLUMN><KEYEVENT><ID>9</ID><KIND>declaration</KIND><IMPORTANCE>Essential</IMPORTANCE><MESSAGE>'i' may equal 1</MESSAGE></KEYEVENT></SFA><SFA><FILEPATH>c:\users\b00266594\desktop\gtgp v14 - complete body rotation wip\</FILEPATH><FILENAME>md2model.cpp</FILENAME><LINE>154</LINE><COLUMN>15</COLUMN><KEYEVENT><ID>10</ID><KIND>branch</KIND><IMPORTANCE>Full</IMPORTANCE><MESSAGE>Continue this loop, (assume 'i&lt;mdl.header.num_frames')</MESSAGE></KEYEVENT></SFA><SFA><FILEPATH>c:\users\b00266594\desktop\gtgp v14 - complete body rotation wip\</FILEPATH><FILENAME>md2model.cpp</FILENAME><LINE>157</LINE><COLUMN>22</COLUMN><KEYEVENT><ID>11</ID><KIND>usage</KIND><IMPORTANCE>Essential</IMPORTANCE><MESSAGE>Invalid write to 'mdl.frames', (outside its writable range)</MESSAGE></KEYEVENT></SFA></PATH></DEFECT><DEFECT><SFA><FILEPATH>c:\users\b00266594\desktop\gtgp v14 - complete body rotation wip\</FILEPATH><FILENAME>md2model.cpp</FILENAME><LINE>161</LINE><COLUMN>8</COLUMN></SFA><DEFECTCODE>6385</DEFECTCODE><DESCRIPTION>Reading invalid data from 'mdl.frames':  the readable size is 'sizeof(md2_frame_t)*mdl.header.num_frames' bytes, but '88' bytes may be read.</DESCRIPTION><FUNCTION>md2model::ReadMD2Model</FUNCTION><DECORATED>?ReadMD2Model@md2model@@QAEIPBD@Z</DECORATED><FUNCLINE>101</FUNCLINE><PROBABILITY>1</PROBABILITY><RANK>4</RANK><CATEGORY><RULECATEGORY>mspft</RULECATEGORY></CATEGORY><PATH><SFA><FILEPATH>c:\users\b00266594\desktop\gtgp v14 - complete body rotation wip\</FILEPATH><FILENAME>md2model.cpp</FILENAME><LINE>103</LINE><COLUMN>7</COLUMN></SFA><SFA><FILEPATH>c:\users\b00266594\desktop\gtgp v14 - complete body rotation wip\</FILEPATH><FILENAME>md2model.cpp</FILENAME><LINE>104</LINE><COLUMN>5</COLUMN></SFA><SFA><FILEPATH>c:\users\b00266594\desktop\gtgp v14 - complete body rotation wip\</FILEPATH><FILENAME>md2model.cpp</FILENAME><LINE>106</LINE><COLUMN>4</COLUMN></SFA><SFA><FILEPATH>c:\users\b00266594\desktop\gtgp v14 - complete body rotation wip\</FILEPATH><FILENAME>md2model.cpp</FILENAME><LINE>107</LINE><COLUMN>5</COLUMN><KEYEVENT><ID>1</ID><KIND>branch</KIND><IMPORTANCE>Full</IMPORTANCE><MESSAGE>Skip this branch, (assume '!fp' is false)</MESSAGE></KEYEVENT></SFA><SFA><FILEPATH>c:\users\b00266594\desktop\gtgp v14 - complete body rotation wip\</FILEPATH><FILENAME>md2model.cpp</FILENAME><LINE>114</LINE><COLUMN>7</COLUMN><KEYEVENT><ID>2</ID><KIND>declaration</KIND><IMPORTANCE>Full</IMPORTANCE><MESSAGE>'mdl' is an Output from 'fread' (declared at c:\program files (x86)\windows kits\10\include\10.0.10150.0\ucrt\stdio.h:231)</MESSAGE></KEYEVENT></SFA><SFA><FILEPATH>c:\users\b00266594\desktop\gtgp v14 - complete body rotation wip\</FILEPATH><FILENAME>md2model.cpp</FILENAME><LINE>116</LINE><COLUMN>37</COLUMN><KEYEVENT><ID>3</ID><KIND>branch</KIND><IMPORTANCE>Full</IMPORTANCE><MESSAGE>Skip this branch, (assume '&lt;branch condition&gt;' is false)</MESSAGE></KEYEVENT></SFA><SFA><FILEPATH>c:\users\b00266594\desktop\gtgp v14 - complete body rotation wip\</FILEPATH><FILENAME>md2model.cpp</FILENAME><LINE>126</LINE><COLUMN>11</COLUMN></SFA><SFA><FILEPATH>c:\users\b00266594\desktop\gtgp v14 - complete body rotation wip\</FILEPATH><FILENAME>md2model.cpp</FILENAME><LINE>128</LINE><COLUMN>15</COLUMN></SFA><SFA><FILEPATH>c:\users\b00266594\desktop\gtgp v14 - complete body rotation wip\</FILEPATH><FILENAME>md2model.cpp</FILENAME><LINE>130</LINE><COLUMN>15</COLUMN></SFA><SFA><FILEPATH>c:\users\b00266594\desktop\gtgp v14 - complete body rotation wip\</FILEPATH><FILENAME>md2model.cpp</FILENAME><LINE>132</LINE><COLUMN>12</COLUMN></SFA><SFA><FILEPATH>c:\users\b00266594\desktop\gtgp v14 - complete body rotation wip\</FILEPATH><FILENAME>md2model.cpp</FILENAME><LINE>134</LINE><COLUMN>12</COLUMN></SFA><SFA><FILEPATH>c:\users\b00266594\desktop\gtgp v14 - complete body rotation wip\</FILEPATH><FILENAME>md2model.cpp</FILENAME><LINE>137</LINE><COLUMN>7</COLUMN></SFA><SFA><FILEPATH>c:\users\b00266594\desktop\gtgp v14 - complete body rotation wip\</FILEPATH><FILENAME>md2model.cpp</FILENAME><LINE>138</LINE><COLUMN>7</COLUMN><KEYEVENT><ID>4</ID><KIND>declaration</KIND><IMPORTANCE>Full</IMPORTANCE><MESSAGE>'mdl' is an Output from 'fread' (declared at c:\program files (x86)\windows kits\10\include\10.0.10150.0\ucrt\stdio.h:231)</MESSAGE></KEYEVENT></SFA><SFA><FILEPATH>c:\users\b00266594\desktop\gtgp v14 - complete body rotation wip\</FILEPATH><FILENAME>md2model.cpp</FILENAME><LINE>141</LINE><COLUMN>7</COLUMN></SFA><SFA><FILEPATH>c:\users\b00266594\desktop\gtgp v14 - complete body rotation wip\</FILEPATH><FILENAME>md2model.cpp</FILENAME><LINE>142</LINE><COLUMN>7</COLUMN><KEYEVENT><ID>5</ID><KIND>declaration</KIND><IMPORTANCE>Full</IMPORTANCE><MESSAGE>'mdl' is an Output from 'fread' (declared at c:\program files (x86)\windows kits\10\include\10.0.10150.0\ucrt\stdio.h:231)</MESSAGE></KEYEVENT></SFA><SFA><FILEPATH>c:\users\b00266594\desktop\gtgp v14 - complete body rotation wip\</FILEPATH><FILENAME>md2model.cpp</FILENAME><LINE>145</LINE><COLUMN>7</COLUMN></SFA><SFA><FILEPATH>c:\users\b00266594\desktop\gtgp v14 - complete body rotation wip\</FILEPATH><FILENAME>md2model.cpp</FILENAME><LINE>146</LINE><COLUMN>7</COLUMN><KEYEVENT><ID>6</ID><KIND>declaration</KIND><IMPORTANCE>Full</IMPORTANCE><MESSAGE>'mdl' is an Output from 'fread' (declared at c:\program files (x86)\windows kits\10\include\10.0.10150.0\ucrt\stdio.h:231)</MESSAGE></KEYEVENT></SFA><SFA><FILEPATH>c:\users\b00266594\desktop\gtgp v14 - complete body rotation wip\</FILEPATH><FILENAME>md2model.cpp</FILENAME><LINE>149</LINE><COLUMN>7</COLUMN></SFA><SFA><FILEPATH>c:\users\b00266594\desktop\gtgp v14 - complete body rotation wip\</FILEPATH><FILENAME>md2model.cpp</FILENAME><LINE>150</LINE><COLUMN>7</COLUMN><KEYEVENT><ID>7</ID><KIND>declaration</KIND><IMPORTANCE>Full</IMPORTANCE><MESSAGE>'mdl' is an Output from 'fread' (declared at c:\program files (x86)\windows kits\10\include\10.0.10150.0\ucrt\stdio.h:231)</MESSAGE></KEYEVENT></SFA><SFA><FILEPATH>c:\users\b00266594\desktop\gtgp v14 - complete body rotation wip\</FILEPATH><FILENAME>md2model.cpp</FILENAME><LINE>153</LINE><COLUMN>7</COLUMN></SFA><SFA><FILEPATH>c:\users\b00266594\desktop\gtgp v14 - complete body rotation wip\</FILEPATH><FILENAME>md2model.cpp</FILENAME><LINE>154</LINE><COLUMN>8</COLUMN></SFA><SFA><FILEPATH>c:\users\b00266594\desktop\gtgp v14 - complete body rotation wip\</FILEPATH><FILENAME>md2model.cpp</FILENAME><LINE>154</LINE><COLUMN>15</COLUMN><KEYEVENT><ID>8</ID><KIND>branch</KIND><IMPORTANCE>Full</IMPORTANCE><MESSAGE>Enter this loop, (assume 'i&lt;mdl.header.num_frames')</MESSAGE></KEYEVENT></SFA><SFA><FILEPATH>c:\users\b00266594\desktop\gtgp v14 - complete body rotation wip\</FILEPATH><FILENAME>md2model.cpp</FILENAME><LINE>157</LINE><COLUMN>22</COLUMN></SFA><SFA><FILEPATH>c:\users\b00266594\desktop\gtgp v14 - complete body rotation wip\</FILEPATH><FILENAME>md2model.cpp</FILENAME><LINE>161</LINE><COLUMN>8</COLUMN></SFA><SFA><FILEPATH>c:\users\b00266594\desktop\gtgp v14 - complete body rotation wip\</FILEPATH><FILENAME>md2model.cpp</FILENAME><LINE>162</LINE><COLUMN>8</COLUMN></SFA><SFA><FILEPATH>c:\users\b00266594\desktop\gtgp v14 - complete body rotation wip\</FILEPATH><FILENAME>md2model.cpp</FILENAME><LINE>163</LINE><COLUMN>8</COLUMN></SFA><SFA><FILEPATH>c:\users\b00266594\desktop\gtgp v14 - complete body rotation wip\</FILEPATH><FILENAME>md2model.cpp</FILENAME><LINE>164</LINE><COLUMN>8</COLUMN></SFA><SFA><FILEPATH>c:\users\b00266594\desktop\gtgp v14 - complete body rotation wip\</FILEPATH><FILENAME>md2model.cpp</FILENAME><LINE>154</LINE><COLUMN>40</COLUMN><KEYEVENT><ID>9</ID><KIND>declaration</KIND><IMPORTANCE>Essential</IMPORTANCE><MESSAGE>'i' may equal 1</MESSAGE></KEYEVENT></SFA><SFA><FILEPATH>c:\users\b00266594\desktop\gtgp v14 - complete body rotation wip\</FILEPATH><FILENAME>md2model.cpp</FILENAME><LINE>154</LINE><COLUMN>15</COLUMN><KEYEVENT><ID>10</ID><KIND>branch</KIND><IMPORTANCE>Full</IMPORTANCE><MESSAGE>Continue this loop, (assume 'i&lt;mdl.header.num_frames')</MESSAGE></KEYEVENT></SFA><SFA><FILEPATH>c:\users\b00266594\desktop\gtgp v14 - complete body rotation wip\</FILEPATH><FILENAME>md2model.cpp</FILENAME><LINE>157</LINE><COLUMN>22</COLUMN></SFA><SFA><FILEPATH>c:\users\b00266594\desktop\gtgp v14 - complete body rotation wip\</FILEPATH><FILENAME>md2model.cpp</FILENAME><LINE>161</LINE><COLUMN>8</COLUMN><KEYEVENT><ID>11</ID><KIND>declaration</KIND><IMPORTANCE>Full</IMPORTANCE><MESSAGE>'i' is an Output from 'fread' (declared at c:\program files (x86)\windows kits\10\include\10.0.10150.0\ucrt\stdio.h:231)</MESSAGE></KEYEVENT></SFA><SFA><FILEPATH>c:\users\b00266594\desktop\gtgp v14 - complete body rotation wip\</FILEPATH><FILENAME>md2model.cpp</FILENAME><LINE>161</LINE><COLUMN>8</COLUMN><KEYEVENT><ID>12</ID><KIND>usage</KIND><IMPORTANCE>Essential</IMPORTANCE><MESSAGE>Invalid read from 'mdl.frames', (outside its readable range)</MESSAGE></KEYEVENT></SFA></PATH></DEFECT></DEFECTS>